79,50,3,4,5,6,7,8,9,10,11,12,13,14,15,16,17,18,19,20,21,22,23,24,25,26,27,28,29,30,31,32,33,34,35,36,37,38,39,40,41,42,43,44,45,46,47,48,49,50,label
14.414499644455232,10.333798913410305,9.35274291260056,10.142613075534332,12.12041665950474,12.355023269909289,10.900591727057757,8.660404105583064,10.586170223456639,8.763640621682297,8.125385867514241,9.008895602902722,9.423655934827007,11.247106106994817,13.086175101992218,12.29345268344093,10.363155576464157,8.516548596702775,11.391864650705827,13.30382651720925,14.61138597122121,13.657938731975637,11.412751640161105,12.969043912332166,11.093173576574019,11.515388703895367,20.48789546097893,10.980865064738756,10.488441256926597,12.254509374103886,14.356312200561815,12.533315602824338,11.067976196938629,8.355650782554283,11.313645715683384,14.29378120792399,9.688481991519673,13.711074957128673,20.729158207703467,13.789133374487319,17.58860424604522,22.78616466191711,17.959690941884276,10.79463243663258,7.214021070110622,9.791617931680188,14.205857833443218,10.75209746579708,9.91779183861005,6.760628668992255,0
9.433859231300836,8.568955595637078,12.123719507642907,10.644105522588593,10.69612915684927,7.550218539883465,9.07895267671338,10.057289962012678,9.717767233269173,10.03045362882457,11.547956529187317,10.091823422949888,6.99709913964352,7.708346126115511,12.138224746642319,15.270654864805243,13.599014670188424,16.60810042449166,14.093477204295612,13.003975512896085,6.621570810615862,8.04737182439088,10.981935166444938,10.937321345100914,14.327072273147785,9.683568553833862,6.621321620341365,6.08358446575701,6.414125037758462,3.9269453314249247,7.696401693518864,12.433044679401744,7.207620966726815,15.965691341122687,16.004543105006153,7.535396077314063,6.516908509408436,10.75381228030325,9.488435020381392,12.092489382670552,10.950474875547634,6.182790632068985,3.4492173009539426,10.82614414720218,10.694558407713759,11.334306314724339,9.93135427804285,8.414683361244206,10.052964736832612,9.15240390487658,0
11.107748656681109,12.6685200398468,7.492115750841015,9.43765860793873,4.178432669315136,5.288714399549289,7.715614018469302,6.531936897276337,5.600374690143517,9.086919169883707,9.229442019970655,8.747039499167704,10.238285975298796,4.581015171334843,8.61118442898537,13.710160465847217,27.942588008271567,17.037807957492657,19.753232646835304,14.096012635351922,10.034889125346629,4.890940604832571,11.629780737399996,8.037661351413108,9.119484618661298,12.540311000928167,14.707906037230453,5.392624296944864,8.106774926442698,6.560221004813787,14.493435961841493,11.174519096677095,17.77054585543168,21.34903036575666,11.741996269800167,9.504709359033553,9.113539378309614,10.6340114501537,11.389121986000502,5.95713012850987,7.142366154349703,9.412151719984118,9.749778521587093,11.887371315139443,12.121521600525256,11.102166323920756,11.054379222733406,9.855424902052675,10.414979596715492,11.483610059558798,0
9.999319802266557,10.353327517054614,11.395810633737295,15.231526362121429,13.234360579068413,5.457215051287619,9.127573609673055,9.443118972034615,7.775326359709926,9.67709131173206,9.880570827457344,10.816551362610959,10.305847854495038,8.40932796934452,12.828986709791229,9.358472097516772,8.780038907658724,10.546605787493917,10.984962448238045,14.96012692319153,10.379889209428008,12.417592359229708,9.245955872704563,3.8011312716084955,9.133350973218976,8.091143306109466,9.563791089311811,12.044886881992708,13.808409707131412,7.595505131457687,3.711630369527655,11.379393161763955,15.93820878957231,15.287131843481955,16.127820599696662,17.399431025180107,11.81980541294991,9.57679439541229,10.711530169121545,5.685472715614771,3.1327463989285826,10.887818881667714,8.290723556843519,10.287186204205694,9.993162168903307,10.450865992825667,10.845141258923292,9.056058549766565,9.217662138959103,9.548135943732682,0
11.027842026344048,19.675092388499756,13.154725386719406,15.024991525854547,10.071171729247794,13.575985310098158,10.587629574177592,6.202523345542532,14.762171249514754,9.777172221966845,8.74240214609235,8.790847513180967,19.076094977851206,10.649042064711738,11.374980300466504,11.328309670908542,6.525802632626886,16.89243025736676,12.107666062788526,13.328447021314973,7.8501464954483495,12.848241122301527,9.73254235069137,14.201176007641058,10.634702610416523,17.073897137560632,14.63867821901964,10.215718281158697,7.479766039121812,7.923590963445814,11.525527192280665,12.644290317767977,9.046263923852779,12.335529984560859,13.213931875410895,11.01316932712832,9.407066492802102,10.526556122493291,10.338616716950101,13.363808302351583,11.266348121729596,9.44634320782386,9.763959112880393,8.687473740967508,10.846699891487736,8.020604682441345,9.343222142280467,9.885043264649934,9.596009587323264,11.941515814242344,0
10.473910444528347,8.758475894811838,8.75285640556271,9.742304636583688,11.849396609110523,11.278802848529633,14.065894911522694,11.903838763188999,15.396872304361072,12.492049460917132,14.67346213338898,12.549285858565856,14.509886277431676,16.3142453089317,9.11607370308073,8.839321225976574,11.47091002824105,15.461645246221405,11.013945705331945,8.011522951304578,5.170976696911329,17.84336754707477,14.991344120525017,23.89458097560407,32.24072791392901,11.539678738769135,16.529754978825306,7.73068533481994,11.020893778818486,6.787444290747438,10.015517958667939,10.012521221950093,8.296517341631969,10.477389942156396,11.65623420680968,12.492821939017622,8.900477449665273,9.030177169136827,12.707344333101231,13.649813184904767,6.720818362803745,7.428142431429274,13.414193872834852,11.153985834669147,10.414288242794127,10.240956986532069,9.616168675725277,8.837629772738842,11.038079354851554,10.505850750891144,0
8.563042331204496,11.160577942024329,12.159165098147161,8.021651882748344,10.038949148192755,7.079950564799164,12.785722045703961,12.240755613768295,6.926189428538611,6.62760137606359,9.915487885106813,9.006752060360105,11.590378774656203,16.04050809615456,9.30129560867732,18.095528746626922,8.778729801856308,8.341055089135905,7.315462903466878,13.20609323880458,9.057218113571075,18.510561849927733,15.719561062574234,13.025858710810589,12.416722017666352,13.206460540205311,13.231390705439848,11.78467638851403,10.147925896457856,12.114623391587541,7.0847652256091065,8.611904551259263,10.653304651609282,6.962793978023478,12.852303295518666,11.316620520279011,9.65771710654231,9.361324692584912,11.462612980206568,8.503193494799469,5.492667839948088,9.097433704072815,11.771410280845707,7.366695320264032,13.643848394203154,11.26416440025624,11.653523072444658,11.244486651688506,11.734406674391339,9.814993632193554,0
8.722464964469628,8.123188873342787,7.003434870147648,8.561155978371161,5.095733205535794,7.064806952068831,13.53424532304628,11.717341846400146,12.761539875736,12.191017183992482,11.106615145776864,12.952149397223652,11.27069551695906,8.505608922352415,10.618031777500011,14.594331091214835,21.61688691740788,11.779936330557987,19.506246775840832,17.61781384531012,10.044246145928573,10.060009940352941,20.522672827875027,12.31054832072073,10.656800604871991,6.290850492771227,3.310256755298599,15.986130148350538,13.24647500280735,12.202560251684933,7.549449988972715,6.8397441472616505,16.632130776914934,14.371168038124155,11.593743991308417,10.3828608774268,4.775918759778059,10.10747248229744,10.23015597896729,15.173931431768109,11.08899003516551,13.519234445781315,14.34699537034849,8.534084602346054,7.398519721403746,9.933367023925024,10.652896319780833,9.74481400540821,10.871347604046154,12.326094271909493,0
7.464247957430145,6.394005000420315,15.601271603302118,14.366050257464645,18.03473038334646,10.042574371146078,14.379571447605835,12.244884584053867,12.344184860346187,13.53229002792953,20.633064714966633,11.742789276828567,26.128687215373144,17.69274133732249,8.409827431761016,11.672056374092785,4.217416178420148,7.740904339933416,14.074537292572002,15.201673294739662,15.27647525923438,19.441352097526575,11.225006754029197,14.82406735346278,6.860918018428736,10.234309939688165,8.008707724970366,10.754445592405032,17.536849774118497,9.562520090436426,16.196882416070075,15.078889209222275,7.889505666770258,10.862200503765338,15.300879059583472,13.292290861021666,13.182605947763138,13.142320951795387,13.116710715724425,9.62131985183946,10.349632796771102,10.642264584946203,10.19122574272992,10.42317130243958,8.837555974815666,11.556370537500085,12.70381735078087,10.06722322092845,8.605381980597958,7.443150960446798,0
10.582868015523962,10.21432817173993,11.39408179714364,9.677029502900155,9.912179148219632,9.122422698822945,11.111597544907754,10.558015908607072,10.23541889714339,8.299819274417967,10.552516273950967,9.299967435211812,10.081511897528118,10.304494165168904,10.761904864074952,9.37757415746738,10.584540434369368,10.345752538312526,10.365157982394672,9.910090816788715,10.61438175307446,10.280710092206666,10.036916561574085,9.687537891745263,10.078114903095717,10.197480080882729,11.281316328159583,9.646346172515278,10.01537318326182,10.351700343421848,9.839734774677675,9.889777327928071,9.676517727571222,11.167927292026931,13.014745483489104,12.287268972208633,10.69557385089739,8.397392452422359,9.877423583404738,9.298919049868116,10.359425659755466,10.033110070960053,10.21090022299704,10.08323752168921,10.118824042348004,10.636113010888893,9.966333148625933,10.146275000314159,10.151201324276864,10.083986993248264,0
10.191933058747983,9.237732184253886,10.043988033047436,9.28676996088522,10.67513446538263,10.026175741527775,9.897570408943801,9.260123976923856,12.419456492697256,9.536220125395605,11.382921212588625,9.92240878426202,9.955219501949722,7.237271579815144,10.544771214056757,9.132304273621259,10.545458738243681,9.836716760876065,10.300019417457424,10.414148724768634,10.877439956166157,10.38788236360039,11.111273554368104,10.77917900398727,9.726921404020905,10.58090733349461,9.273208721904194,10.29227357331703,9.543106611581,8.071120935223322,10.991605888131177,9.89734307781639,9.517956506414604,9.928725864681734,11.40947408183217,10.626997641384937,10.91705546161601,9.717062149641736,9.690557000193545,10.1022023331549,9.999384947085497,9.830696821690719,10.264414083814044,9.95182880097925,10.06156028824556,10.106700747523893,10.025861253777661,10.099410476161475,10.03456508813412,10.088978911168368,0
10.6376736040358,10.334824620930924,10.980897048966447,10.340396510772688,9.675897575729094,11.201629345769302,10.12517631115627,11.110129563601006,9.022671206045363,10.1111668760831,9.387507656454934,10.487440106927906,10.31470309540706,9.911150286419836,9.740543946926172,10.97736762616612,10.508334774549201,10.347970424194315,10.491853982971742,9.841935785199983,10.349014445830095,9.761680183247144,9.20821915464657,10.701504567115785,11.28724058395142,10.652070221323179,10.121758740456126,9.97566539134107,10.422984206070737,9.149344238796571,9.109560493898714,5.975299004736085,9.066145666489154,10.92917652323358,8.83349308031653,10.488331610909334,10.430124636685795,9.788294029094141,9.975675295056472,10.072641163011815,10.07051637206355,10.041782191224838,10.195243989233411,10.056371114870412,10.142218692179735,10.057181333852943,10.055580540177678,9.987757495253877,9.773443591385792,10.049343074649213,0
10.160024606269417,9.838836098075834,10.650656978797137,10.272745494579334,10.037943016375417,10.795892737518283,9.168167596853806,9.449835624284699,10.511331980296312,10.575863750257005,9.848867952044031,10.175514728995285,10.16228812817271,11.336198657398343,10.87088312879869,10.832977214598031,10.192182282220088,10.075975942309523,10.609717244111645,9.679576437014173,10.239789914641806,8.810005675367071,9.025126037901078,10.66889382541602,9.52989486206433,11.160295473418259,11.415765137738257,9.469551035186415,10.42559350828527,9.363856043318906,10.68594403878291,9.961274791410991,9.582827809472544,9.57242351254896,3.203560466106424,12.73460246729359,9.235112343658846,11.011738777395706,9.22657032626967,11.273202739239634,10.243612643984543,10.127807425696886,10.080753940058253,10.064805015498314,10.135219940228284,10.134642731739536,9.850659876373765,10.000549984875832,10.140069033295584,10.021940749276064,0
10.9390447480573,9.620982278333122,8.969324600771287,10.090039643133222,9.60600766741319,10.169188557008868,10.856104270952818,10.76427424399806,10.531429037409884,11.149699486353883,9.577938024856921,10.849322559496514,11.160201611082124,12.279319120635355,10.681811624158142,10.30382856709102,10.84326980204772,10.05243254142996,9.402765550623924,9.72204709338522,9.806002917397084,8.748696872677671,11.38000423971802,9.32848326050918,12.463811600309112,10.447023499542825,10.178821007169743,10.733148823714362,10.101232381843321,10.332192407538683,9.876892042439266,10.049845486175405,9.529286417775467,9.904038703478546,9.809016249553267,13.275258942860589,10.479532402259178,12.253689218925048,11.149277778403414,9.000566648828283,10.360510764436327,10.206757325223334,10.123408338203102,10.04694961149901,10.062892228380468,10.071925408182938,10.140793459093834,9.720992517968527,10.045222726848818,10.361780335926847,0
10.027367259754685,10.770710282985053,8.836679034456331,10.205302543286015,10.511389059339399,11.240311383587201,11.4049935318702,8.879036985844808,10.545558306699556,9.877043833860421,9.883860581776739,9.773914083313814,9.546129607961555,11.445025028194566,10.731304533093827,12.099706608013271,11.45144083842728,9.583610812006093,10.676038591162923,10.674352028577673,11.79496926644576,9.855054528616268,9.492754932473506,9.83859237899406,9.805131307473655,9.71723196676914,10.270836474211873,10.461171062553177,10.3437469033228,10.190554449430119,9.402781503363778,11.183407351965679,9.240562402581357,10.167206865506381,9.163410936981927,11.809631661504097,10.959434291969638,10.771490144450768,9.46563171753481,11.397275791082714,10.282246688248637,10.112338751050629,10.198862681691523,10.002374718035712,10.071365117599505,10.075524567981564,10.017879017037489,10.092665653830013,10.031580134754444,10.11053411052057,0
8.82092965622105,10.370004821455002,9.90457455943465,9.914579981764234,10.249575438524275,9.545485669047967,9.901257495894145,8.986634519195714,11.666859046032913,9.98112689509557,10.182548796838638,9.591042586497052,10.83554336431727,9.384263423412623,10.196999418064125,9.974758127794379,9.386511348525614,10.69740622767968,9.743556845423544,9.872243725111334,8.94258881398447,11.392882890647169,10.433206462828196,9.681657915873707,10.46777895295846,9.748056212086592,9.370213125516418,10.138091536379024,8.619361703908247,9.984798445637248,10.846658471621572,10.565722865947222,9.901767515792319,9.565150286325878,11.356619211719657,10.951520439728906,9.771125826720276,9.538878197041834,5.954292562513199,9.911487781962922,9.916456020171722,10.970072637863442,10.301790263832835,10.140285193228097,10.03584077195329,10.109584561197359,10.04009936683896,10.012756533642479,10.138549994649141,10.190559356580971,0
10.033149125773074,9.899282632898208,9.703793072814362,10.238183181424336,10.713588624732658,11.072325500092573,10.039989873401273,10.839856559475326,11.63487771573045,11.226882901589383,9.05018762689482,10.295795067987713,9.431870509077244,10.312254569006729,9.365051885665135,10.244724677608518,10.082023109078865,7.924859620207792,9.631271982453823,10.277611200079534,12.368629557554065,11.15186511620366,9.830350797199461,8.730893264494764,10.868126834004146,11.160671767236959,12.761464455884402,9.589019747085727,11.341308491527819,10.60960878732105,12.09972213590052,9.778348519049626,11.08055052783931,9.997069462477494,10.13007897303866,10.029286931083389,9.372886251416908,10.317766231118052,10.04691992602708,10.090619267815036,10.088220854045574,10.106180826405206,10.087284074516788,9.955028703926478,6.306060523020692,17.79935672994954,10.366575752291602,9.219170244658681,9.282445555778937,10.535297036154272,0
9.867532619657256,9.583182621655517,9.21691899834213,10.950251138672575,11.017599557072312,9.977885547549642,10.192452696971435,10.243524783979389,10.163783744255875,9.293126273326974,9.881219560155518,9.482067285144101,9.53141122814455,9.70428255977741,9.855044393608788,10.6536235962418,10.794674612974678,9.167038363004716,10.674628799166742,9.022715505615821,9.475214788911128,9.103504819573613,9.737314501221585,10.618126011683984,9.945435977572833,12.428945997951718,10.915685793114426,9.907981494300444,10.387651318753436,10.494974987125982,11.808429192741938,9.371344451678215,11.326031070061612,9.861997769214916,9.211802037820835,12.722109742743182,13.442573118566294,3.438182482940667,12.25325262940416,9.081442576485303,9.80559024230566,11.708696678281536,8.69971224202273,10.250663051334783,10.11492422067512,10.063170106283616,10.181051026293895,10.132269936593682,10.03402710779675,10.067164383479593,0
9.88782048096041,9.129369692262454,9.273860818450974,9.835150963762588,11.802850470119537,10.997476983381233,9.947587146861306,9.709912215257154,9.828717906929677,9.901368393207077,10.900816483181433,9.002593833668167,9.200244347081227,10.048785784302504,8.89308699957445,10.958015331254105,9.676962005919014,9.221648442659262,10.10523039974849,10.197161369714612,10.26990660717034,9.847567917816061,11.25769514598792,10.198406563184276,9.266444841469678,10.02389613842842,9.872213530915952,8.093633299427395,9.218985615022952,11.99135437388125,9.845801135509493,10.297402585118249,10.701438731684641,8.356273092713042,9.010099888458507,9.084337228438901,9.052209661734532,9.844312580571598,10.189901679015362,9.683666426411026,10.079846228985838,10.142632794299516,10.051810357343607,10.074745340702174,10.04707404212789,10.104048693469366,10.091669801078512,10.102207679512434,10.042778499996901,9.981307212184191,0
9.383623783379218,9.814325839200581,9.343393387843626,9.344549213311469,9.055241576015518,10.569924092442674,10.921712319961555,8.895847167751933,10.58533342129576,10.773526864346746,8.989866517362758,9.672233014149331,11.480391977036325,10.356804103100545,9.696937079614385,9.650005181308453,11.076812697829688,9.528383896758148,8.088281458876175,8.338141044021748,9.227193506153428,7.938765647126762,10.826749202600014,11.324632442247298,10.783083974448127,11.45076834173149,10.258708477678855,9.987757506067116,9.577937184070539,12.01591028595004,12.715289112717846,12.048012150724288,9.221263470848232,11.22936329450606,8.845682397870732,12.379438597287036,9.248859389135506,10.744113681453719,11.119199611482834,10.713454158206867,10.439377376069897,10.3750951802863,10.731472230407162,10.14506760923751,10.174998663194017,10.176349876453742,10.028788560937956,10.095745623182127,10.172280107822484,10.126549264186691,0
9.586975539762268,10.683954365308802,9.791455458715012,9.608293292775778,13.106643350606593,9.748620404139245,11.848835385809021,10.351956090324194,10.766526830877263,10.740865020099685,10.071350455624112,7.515410399439288,9.991716410707427,8.917981575446325,10.155087394995673,9.391320460936257,7.588537408486566,10.399715377739964,9.83271071475206,8.957203552520177,10.74951626818621,12.136564588053737,11.211052582161944,8.65004624265096,12.197975104827853,8.887463076266478,9.459201869016223,10.488760651287643,12.196658507837343,11.805819732657321,7.365364869577068,8.978786109491638,10.29317207443848,10.387473224995578,16.085987679032954,11.437993705191484,8.78255657532589,12.285039682475592,11.051189478965613,9.011270581421917,11.074931151027531,9.62125251721417,9.45800718967796,10.584493374744017,10.474531015754357,10.407430038198672,9.968018860335288,10.225658900129615,10.037703920718124,10.100643386438316,0
11.346673521213166,9.594649416836454,6.97083183228516,9.944213525462986,10.30012604214143,10.087512081777152,10.601819804241204,10.874543657551797,11.812776965303291,9.3234649471106,9.386181331169775,10.75755533018539,10.20978442064278,9.082146966879591,11.221657631562282,7.814224168399574,9.27967671786038,7.475573139632853,10.420009433191511,9.926817213991603,13.77186895377679,9.976617236318143,9.909722319621277,7.298636630905808,10.801421202786234,9.120794845845401,11.437740161413007,10.02520822726391,9.879564767741543,8.288208491586104,11.655239165285284,11.054523803402844,8.704854967200774,10.614951718966978,9.553491508343953,13.848245376111734,10.74734385790275,9.963794438264973,12.587171633452858,10.055590302612776,10.217837104593132,10.05806144343929,10.216408370851275,10.084909518453797,10.334689158363691,10.059826042233533,9.956399951789804,10.077410381640712,10.10018316665594,10.091446873466658,0
10.789717327159224,13.059876628820081,10.861588281646473,9.636704980438127,10.396483985078854,9.50033683613376,15.531930683492025,8.509247907541535,12.925729217340159,10.539093873763532,8.950055376253282,10.838016423681964,9.907320525752661,8.865037571381198,10.87439571378571,8.957555174041639,9.01085414464135,12.898561935347677,9.20813227533141,12.270672353216836,9.459138081347588,11.807527260184496,7.64369674398455,12.50255973733379,13.998935660827932,8.783444498486919,10.483286268150854,9.945054044699807,9.01788223476,10.420043186090927,9.103015760285164,11.427519415866243,8.605329739179087,11.23915016733917,11.893064388962205,10.149684471942965,11.356679841221245,10.151305053046144,10.626273845897257,11.039252677876343,10.859400960918622,11.035306827814082,9.208854434727481,10.106433450827254,10.142489819368812,10.015273321582393,10.04968141634351,10.060829970037263,10.106922521420703,10.106715413327917,0
9.72535346401353,9.934953201399598,10.02696863463729,10.166089824588457,9.77443092649388,10.856836140423244,9.464597191640012,9.515366219752142,9.555820215973089,8.687571409548243,11.599646362971592,10.101851082648178,10.04538700100698,10.081919381992698,8.90555444652381,9.813261280430686,9.67930780428022,9.658270761166316,8.078650877467103,10.20974511451682,11.89192583226115,9.886000201577987,10.437609879661148,9.179553168319256,12.616826066804597,10.466068860656327,10.203695408791857,11.379371687399967,9.786949620796102,9.265317048002188,10.046700951058511,10.583184602660964,9.481534524221281,9.503904460231068,7.965757967701505,6.619131362950882,12.793990763753115,11.809000793581141,11.140596931942202,11.395635129118517,8.948955246284338,10.469880385372132,10.505255398132892,9.928474203018308,10.148694319960578,10.134618887753009,10.104899801581409,10.083952579817105,10.091446873466658,10.14224317002901,0
9.523365569797276,8.7184230202715,9.827924500524006,13.399914178829654,11.07746360860644,10.720722923385344,10.468648432343118,11.600072832961018,10.79761547750243,10.90252715659998,11.286301431381318,9.324945040052516,11.308691347808553,10.556542980919465,10.766828499237837,13.15721094145716,8.847762428998646,9.561599835895679,8.70637673880473,9.481502015081844,9.678460621400491,10.086768557957498,10.717877587545027,10.455342165132668,10.864349139272035,9.469456161786693,10.826989276617951,9.902817629139701,12.4199919484676,8.411028474568376,11.129712485055489,9.915965949921418,11.807692407917814,10.631222883563302,10.607176600490824,9.883495901248722,10.715282690624685,10.170260566966807,10.035840723726142,10.051994826898788,10.077583860529273,10.087184787937618,10.081319206631646,10.05851380672115,10.05405805135424,10.141527661057825,10.093333610854295,10.002089781640636,10.07716726069385,10.094597414954203,0
10.203758930905682,10.117527871858321,10.199333253099049,9.803655839707421,11.212323939769245,10.104705541586453,9.621195915511995,10.168989858495792,10.145376006199168,9.570432416733967,8.828315394979333,9.444158231001243,10.506954587114178,10.401240933135593,10.736952785303794,9.808365648159674,10.54422647852864,9.805136140166793,10.946394225100313,9.898978904872221,8.554658778979878,8.665497717210766,8.190483172411591,10.631777582950093,10.494950365069654,10.596327687447614,9.56363020906075,10.804436106518182,12.10923296602277,11.218168022978263,8.784242986859104,10.004776120805234,10.751230967496397,7.706799384986482,8.54847445137553,7.829362057836545,10.540026943327819,9.956445318483809,6.33368050120002,3.118470220136197,40.71621454520681,6.246755384856046,9.014698101711682,59.98818062349134,39.18273834416566,16.68797832684939,10.060988924709829,9.298326469996542,9.788531948941698,9.669207754657075,1
10.953644819680276,10.075234656953299,10.645840097676528,10.102392190554761,9.276966363488448,9.243820317134391,8.368934092627631,7.348884165246094,9.910727926934854,9.964398546799385,9.714234959009358,10.126019549216686,11.069110484815537,10.158018066260638,10.212557461843296,13.863171353544903,10.867571366531742,10.8895887658199,10.137386957811,9.538053360704305,9.260895298747837,9.390146059758242,7.232249435157238,7.163222007633785,9.094659125073875,11.293422440020693,9.859172673705878,7.083729378802306,10.548730372950681,6.799865846289164,8.371557470712238,8.921658230650914,3.1384087971893098,7.993900966374269,37.83276613159643,9.657153064150068,28.353549629950837,25.25970871325239,8.66181741005259,25.71278107949846,11.562476097704117,10.86604434201287,10.798435103685657,10.28813557298161,10.037671962768513,9.959505743731777,9.674819559685927,10.030210562296258,9.798094074262094,9.896879589223312,1
9.149973651376959,10.583026085538487,10.458295032090613,11.484908268384924,9.6554600325727,9.423793416581022,7.690347080823511,6.034455842900805,11.411636785406914,10.146508953038751,10.544792453261136,9.339653138050751,8.81458244491293,10.368712981878693,10.57548855315898,11.685847166539501,10.633478321059586,9.219550415619334,13.912902315429157,9.591124661882168,6.509417462565922,8.266112481996785,9.939050411105743,9.115998331649864,9.51073288257477,7.6747617973969335,8.701452185174814,10.31417812606821,13.059239384356081,9.13419994570572,12.29370792339373,14.851563715275573,13.403009710399116,8.866863843098322,12.64421135173515,6.989067474570012,10.836193615374823,71.27219831444613,7.39980683956882,4.049480262086986,14.786817403264404,8.253762857974916,15.127916529857185,9.26093810415292,8.243467859975587,9.625507083605491,11.041792889070107,8.016491341725137,10.111245514683906,9.794391595059912,1
11.828520954906423,8.477959586389433,8.684062519269984,9.85142211678104,8.924875707184476,10.128124362073322,8.653147114745435,10.228556872728975,11.075329119589254,12.211790758323916,7.9510198585278715,10.822510152785938,12.493741237535113,8.84498736672033,7.482588727217436,9.39301116291068,9.194263498958959,10.786037645316744,6.896983567789457,9.237454001248832,9.943278660574297,13.595938325500487,11.246585856379204,8.56114183010447,11.32100548741191,9.95685037577773,9.735680592404398,11.45418447909204,3.540954520098023,6.294871257762363,11.1229564474554,33.27694390882832,11.970278964471772,4.552384080353261,43.130767956194155,15.414019739098215,13.858785083986463,16.163752016224592,11.364059325562465,9.037970716318387,9.309016588342455,9.358289181529472,9.547226747548628,9.664408060653008,9.574765360907232,9.513712482202434,10.077381972155575,10.306295606423177,9.702429406327973,9.53503461941856,1
9.94130209921428,10.470817788955772,11.319815060451619,10.410544612716333,11.185986199325605,10.940861167740785,9.927816065379384,11.669489077212381,11.052768017778545,10.555749460977854,9.601368054899927,12.75293196634854,13.066038439724114,8.621621576040411,10.191119855337337,10.779824086552711,12.878049081044031,10.227122200331626,12.084808266669556,9.515685890578807,11.273103255235165,9.15612959239306,9.951663620701252,11.667730091792702,11.419475043091424,9.190150058592069,10.962671657980362,7.3803800994953574,17.409655381138172,15.579495415546464,12.568059885247683,7.928270982077571,15.562899001137769,7.134346486232715,9.846391175811945,40.78495682572495,26.31394789636593,24.459907807960395,7.533745263116884,29.363039656282336,30.84717448113616,5.880909287895239,12.467604957358644,15.953366948760577,13.557299373502888,10.244890072367156,9.713755654315346,9.782349008092407,9.726260703518957,9.69726175920317,1
11.020841392035459,9.31866220545409,9.825632103151941,9.46281177400732,8.26696345311993,11.587613359628394,11.054317419685841,10.621213730526213,10.671060878233954,13.807389105466214,13.728616930239014,9.251455403217083,11.572348886757386,5.883269124983866,8.686861965996178,8.586426703576699,6.935967133600156,8.645451864637767,12.152739631125856,10.649411490285965,8.65836471866877,8.49600386024517,9.752945146947686,15.861130445007225,9.260139828856701,4.81131585043854,6.779008091359491,8.085305735703121,16.74100457423447,12.662820238505807,10.496744798928221,4.536635051550665,3.7144460461565783,25.356736205166825,16.130891272838497,7.178772068130471,25.65676991020908,5.499046818102758,2.6419455414567214,16.208845838575307,9.143370966225369,9.584237391909761,9.367255184030775,9.595180402639242,9.640267409036005,9.610622214075962,9.598576192334074,9.558705822205177,9.667477247344472,9.63257587713014,1
10.369577549525136,9.928702536087096,10.366887278356995,9.771289642827808,10.05081853326704,11.329940172193561,10.041406204032992,12.098475710310188,11.25019130329494,9.451427752984772,11.42913462393896,11.359659459514576,10.232752335938592,6.780813866097009,10.88523250972189,6.124192813347754,13.75844588592448,14.766979491398603,5.754503705965558,6.045597887047405,3.941578719197504,10.114900646466229,13.156566925995676,14.629406451520346,12.281279914963699,12.090081899136166,11.657423968389452,17.480042064083225,13.396915897154102,7.11691075149235,10.603442008596607,12.600627020361616,8.427556779259254,8.02253374489683,9.055551310127608,10.396024248038728,9.698752239773818,10.751649921021048,6.8202291665189065,7.1221833346324175,3.7298177006295052,98.01990069507212,6.672674907524643,23.05426144061737,44.2824477975267,55.51949433269458,28.086696627741844,12.00586258587996,19.125165249546082,10.487905633517208,1
9.316655552490921,8.953082066586306,11.415249997770502,10.991842907537308,9.272754590297232,9.478110973115086,7.679364729451425,7.078908026793232,8.434484400954975,9.922097215731991,11.688080874392046,13.835705979845862,9.194897619257599,8.43500514476823,14.436374704442178,15.973687971983358,13.371014152116357,6.467212215849052,17.516470512468235,15.63742862131172,9.557462192063628,12.0467397484094,10.65616494541147,11.244169366313763,12.244427969693836,22.924537117056154,9.52379282828768,6.048726959806679,3.26949049917227,5.305018257458126,9.042027959451719,7.558405053441129,7.412741688681203,10.559251121569709,10.856161648815855,6.236654223232638,77.03683843785086,6.999768215403396,20.63269985889559,10.9679410535147,20.93334970941631,6.335809475521957,10.895220298771306,12.202610179309564,12.67350050906581,8.943908514037487,10.088343950242841,10.089582516970754,9.639177574889821,9.73541149843313,1
9.792793168822953,9.848687046881567,9.780147537734027,9.313586844812935,9.422987736478673,10.650455597865422,8.907042737811242,10.357679855239535,10.341455443361172,10.820006985000465,9.75220377067364,10.534150438271016,10.015243068635717,10.333878729243064,10.45823530191626,9.322968731272297,9.386368475670336,8.60957853539201,8.82922136643577,10.726502566598496,11.773464745665445,10.8908543677576,9.717631258341973,8.722061683688771,7.514267121130446,9.830388541148324,8.043741654491942,11.076957446626931,12.023830457066135,14.098918350287303,8.15595940781961,11.93989186328727,11.314374260522658,9.702010474838525,3.947727738208263,12.318646798819808,7.0439534710808225,9.734314795935395,19.510742933947775,23.88582987429997,48.04335786300101,14.222268326380409,11.9159787863986,3.795849308624104,10.343695990820509,10.412393604241739,9.926103504464349,9.935604602838186,9.922568595083336,9.94729190380302,1
9.81156610479416,10.09943443967339,9.385030869710029,10.08852633576716,9.82656337050427,10.1266432684787,10.349241526701764,11.171454387677002,8.041637707738765,8.426047221967886,12.569681297102978,11.284508194965788,9.795145989285794,10.202756863775337,12.494446624197778,9.448799771469623,7.665067716727796,8.14627150954396,7.564693747990047,5.6700559506032,9.854238057918094,8.833242224245963,10.201897868196374,9.841051728959918,12.675602636703276,11.234936620927366,15.855016164975194,15.092530228821003,11.082418742821538,14.210776831772993,8.120581761656425,9.23085977840607,8.915564254087068,7.419423951535392,10.499154281527122,9.944713691319373,10.72262140536068,9.672299574985118,8.855269819931797,14.884046253221372,17.891502056414758,8.051580613002459,7.3851224989612225,16.489415330005837,10.347687578860224,21.184382479504567,9.326257061978824,14.046385285806721,13.417915545740339,26.720271529366865,1
8.182371367614753,10.80186623766924,10.228132668553487,14.087904346663676,14.268878105431593,12.872329420965732,10.15387469577688,8.634521926519207,7.664826726284376,13.1688752665302,11.975492727522385,13.193244937057171,8.525097765952166,14.27972838108237,16.23774025975933,10.98054926418821,12.654237361813566,7.480337576126515,8.880768312585417,10.543808903685344,14.959881642794414,15.712865992210837,7.493318214650039,13.50661490725671,18.449975931986927,15.92179614274201,11.030736021188638,14.75685693070138,4.054981074901515,5.543634251683798,4.392424899054338,37.189794486982215,18.810604309436204,18.810906951999897,16.000200062307812,19.470580493040877,18.40814412486662,21.21556618461945,6.304664302628359,8.400640860505574,8.926703264914671,9.472501954113445,10.004998689004587,10.040604797680203,9.814039784355005,9.887481065343767,9.914383074603517,9.92195181511264,9.943097394530096,9.94404917944647,1
10.947614319052382,12.58691141004455,10.543752130269349,11.100687969884074,11.488152742013366,6.780517055044489,11.763204266585722,12.917740820053814,12.789797443579262,12.546250053830386,11.146517306170411,11.364777954727014,6.810154402201701,8.772172595390531,21.270177267220646,26.76587724007651,14.866809251783272,16.79653500853361,9.907430299493427,20.607293845429687,11.846661797843893,8.843484237851069,7.896781963668912,12.208574279921917,15.489474458288129,8.78958677551597,19.766609337989323,15.126000146034597,19.11819011746582,21.22656568467588,12.023630450740706,10.51189886781369,12.829529243935745,55.64308984929364,15.087379585909856,10.508313688399193,40.05193927394142,56.57371824738489,5.610020560060457,8.486035700833341,2.3871353696288575,12.32160345074795,5.068516186518821,9.316261795859646,12.889221559377587,9.243586193473021,9.761981962668388,11.5724670503576,10.551369191571125,9.564699003840255,1
13.142505852857926,11.681486209215379,7.773498759055055,6.312353469005253,7.529602175469738,12.298985230620861,4.718556972402941,11.58388542093255,8.740143171522732,9.83938136685042,8.90309655065383,10.579667086010636,5.228764690494205,8.388022936302649,7.300055279742246,11.047349451590293,13.13277409786222,15.786373659376427,17.11257357071261,14.087640475207012,9.092991869928536,12.710400807877749,10.479947067096134,7.222384398389593,6.121301519738554,8.083919326694446,11.91211084293043,15.311680968996546,34.15384720470846,19.522800506456907,10.70534252097482,6.995312045629456,14.52335615068208,17.763622483021443,10.798618016565479,10.650430919868828,9.765016317308826,10.70706217491606,9.879932118313668,9.688497469280593,9.949953825571649,10.228626645874037,9.997660324632106,10.056130632452197,9.978875548141248,9.87782642683842,9.988373668676259,10.134339945745763,9.947562072204114,9.962429894154113,1
7.4614021595311115,13.481305862531801,7.504697518017249,11.289303030324147,12.948219024674554,11.63409713212645,12.034405859342831,13.5117209825046,6.638353787856196,6.834498958939647,4.372698475890165,8.129714660730237,11.933886220946214,11.437723776232824,8.207902405274957,8.15485304561519,13.42124381845676,15.325942871961816,15.358899952335364,13.28912966447187,11.426868419515396,8.681702980584358,7.555425655691799,5.441225768236423,14.386921842383822,17.499787006392204,15.915566847044891,17.5446079195431,8.950278523129496,6.102777873864616,13.662459840376282,9.836007140459536,7.1165431644922945,10.011359596393275,12.56177456349566,2.097971696364698,8.537748128549733,31.96821282283488,10.20202349082029,12.710737256865984,56.032912078501006,15.19845261194017,10.08163098465713,6.773505019412036,14.89120557909541,8.131767569211862,10.485782587807574,10.254137906739162,10.085125955925106,9.996655455811455,1
11.520084536942544,10.684604598224157,9.085182324624988,8.537746435926264,10.482676225522194,12.580303368043037,9.439574676149112,12.697963741615622,11.808651355481617,11.349187556519508,9.000025515086238,8.152456466787708,8.937978818703236,12.42119610664909,12.458680900923996,11.191374084057347,10.88882494863268,8.000538200028545,7.904144393236354,9.920866130762084,13.077293393497575,9.426033434757326,9.3058853508249,10.435584863721202,13.59211629319723,11.16667338294721,10.432026676685227,7.472499845419059,8.76523173989191,15.93572591612194,11.716639358998892,9.932116045087492,6.4157893641461445,14.178904993356456,7.503694546754068,5.611420489274765,11.221198141005669,9.258893520435295,29.212886202579607,41.567365738024755,12.457654673177498,19.213946926041718,21.807649636218734,7.390669743054481,9.570123031770931,9.99091491084615,9.715539482784683,10.419773966109034,10.218569926998418,9.894185758485522,1
10.3806936145905,10.108258800011013,11.862086662977976,11.01029961427027,10.695087657424788,7.422843121068908,8.408406334377526,8.863684334428882,9.985799792605503,10.846796593741402,10.78544368276058,10.276137406632902,8.604469768672558,10.587431227639687,7.761964752561048,12.592827323520321,8.612380264793245,11.147578212329348,10.085281354528489,9.35858963733318,9.38465236436598,10.328688203252144,10.006168097728521,9.796509471847617,11.048805365287235,9.9408953319105,11.200973172006082,11.890398624941092,9.850147157885512,10.454156996907978,9.321019257570494,10.530436702245549,9.00200484892117,10.382576751462038,10.780779192618684,9.499815787687675,10.808597529744596,10.439224098849493,9.766903071496108,10.889582161864615,11.30701109931356,10.214929940826817,11.16017024959745,9.234056530041387,11.272847749437588,9.427735677245094,10.113386290476647,12.214851584116772,11.26372040038282,11.012619161670896,0
12.942912322193989,13.724611994515582,11.065562753877499,12.812470487770888,9.596051144611522,10.858296318115473,10.787673487365106,10.32388881672023,11.558698004965784,13.062048076216838,11.356384861037476,11.31027851115966,8.483613303304208,9.609651398463942,10.356818610461431,11.145374830574385,13.296924408749568,11.680107020057651,10.09599425514892,11.174206336469734,9.831261363629796,8.157088941528098,8.88929131033515,11.131310781754365,9.909823285911818,11.58088943043668,10.287788688245891,10.60640372605154,9.142258863760098,10.338075256061932,9.585410605915643,10.642823854146982,12.142194071913073,11.78573262576409,11.51859800309048,13.111501832360815,13.667928633849424,12.128058377168209,7.689525342958432,8.312628744627062,9.606471776880417,9.136005443846894,8.099962962878287,10.951794166071608,9.236758089286521,8.729547172562857,10.929528809605655,11.878552100319297,10.54340536344876,9.772005515348432,0
11.101247573854033,10.023362709190964,10.64946008021064,9.341160726590727,9.32380277011478,9.725116965877582,10.676544384771693,10.355157123771765,9.590881085698019,10.245569774297572,10.427070376074004,9.607132766856092,10.625229406549302,9.224445462790712,11.351761977772439,9.855262367588196,10.275470792134051,10.524817447348006,10.880795007718875,10.457676606206562,9.697989482361796,10.145644185166367,10.581257014173694,10.855464061936736,10.85241431590225,10.445793300903482,9.87847153950448,8.670807324349907,8.739204764828433,10.226499889991688,10.764520425917729,10.776873373571762,9.211541657399158,9.905604474235785,10.709140866381395,10.211184059059999,10.05108451859798,11.092682219553575,9.025801903432182,9.497204851955129,10.748775851230734,11.231620489671116,9.153769350273151,10.774047521706965,9.596905751334646,9.255582096313553,10.483553786765249,10.905750642207078,8.384467766769696,9.98436192953766,0
8.9078280145499,11.229616554540067,10.12341317866658,7.113353639458677,9.467935360996082,8.13969286889868,10.223629492504118,10.30946165820505,10.198695995077017,9.379344326763999,10.911869683972586,11.621461902704025,11.394603986097982,10.217675847960729,10.75292034267901,11.109301525298562,8.47283268240322,9.750471587713083,10.120909050080433,6.795380593462006,10.590590145501809,10.171439419472598,11.37426041465554,12.136346237645004,10.728396474030971,11.243647095137769,10.721692963333728,9.663363803562401,11.640524043186373,12.604007289747178,12.273133177636426,12.058017214285316,9.45856754482411,10.472487765569364,10.080460375201174,10.409447613202152,9.435088764818273,16.003699551041315,10.824762281703977,8.461376574056978,7.792342394941331,14.209662168116456,6.88907813731272,9.167016963003832,11.264870065029605,9.690061017145405,10.593969982966726,10.987383643160914,10.908290187852549,11.408605493223131,0
10.629382809457994,10.439620713416796,10.413347066145452,11.246088047405644,11.948828249330564,11.896461658829486,10.771564417483654,10.699630011360252,12.755504691167653,11.689041854318086,9.768950813674927,9.259190029370819,11.902550135748221,13.123494199335784,11.43198145554829,9.748979433766387,9.78317432746652,8.995598746498207,9.011869947841015,11.447711561705248,10.094329911886183,10.23269757229246,9.264129748659611,11.284408846102707,12.452059978011674,9.934993709107218,10.385441733503683,8.938131639207386,11.124481929869814,9.607023472439318,10.7477718621117,9.768811786496912,10.506088710838112,12.975010587124777,11.80016949030818,10.809962997161461,14.065030091044992,12.564477705022204,11.312475393210807,10.35290297452845,12.130300733947205,12.58765574124114,8.447224353123339,12.743362928403164,9.037366843942987,9.966368445928536,10.615902205653601,9.38205734367468,9.652320964410581,10.37653596032896,0
11.969982304581782,9.457451846771416,9.761357487562886,8.402207677985599,12.033822677354037,7.984622501032851,8.742802754265934,9.636238749948035,10.79585945536533,9.622588009470217,11.478196577424525,11.425239397229282,10.951798938987148,11.238278176927286,11.381282798349229,9.80378414501263,9.404392177594476,9.447502315427078,9.484376626853237,10.707445066307884,10.07798590989291,9.91080636073579,8.75020571186758,10.149586020227627,10.451262927761416,9.883147271997922,10.405657111706113,11.035583225729399,8.71608265988799,10.238012312475508,9.241341893902637,9.406082983048794,10.130893315497898,10.309388399221378,10.609975489132903,10.05460070684063,8.623323025377166,10.694175528295776,6.407635889780258,8.241850520362524,11.061455547440403,10.065559878814499,9.112118127307177,9.002943951064008,10.336507666034997,9.163154141582481,9.008290384862162,10.461628984436459,8.360364821704852,10.05462024772693,0
9.372219587632376,9.939240413633225,10.072586559568501,10.03999003716637,10.229026507933245,10.793359069353713,10.679742506071952,10.606686557733287,9.344179992487302,9.814101935276609,10.679310962791607,10.021726386306902,9.131379078759188,11.030199454225658,10.719519339224131,10.53715716215721,9.300090471689025,9.430948880361939,9.92141118994672,10.554836918512809,11.188819458548833,10.911286707689479,9.648362555376949,10.105023503188898,9.678330991446833,9.912239408731018,9.664972421171216,10.49137726754691,10.430186959014685,10.98397469042969,8.532086355048225,6.397194672667076,9.843017808070856,10.971317020121152,11.031763231686945,9.762586598642805,9.538977932671822,8.650179097336657,9.721589359770347,9.58872774324102,10.727450502332797,10.87037238414582,10.973503598504946,10.679723764217876,10.824619226744238,9.101972313735084,10.358300379965838,9.396440815542872,9.525434373297628,9.743145415316402,0
10.532707962873909,9.353562974852927,9.098900591240268,10.88196880376898,8.247044089829595,10.513032428858766,9.602324297908625,8.647709056082757,8.406562049904508,12.053724686181253,10.37565192139711,11.447077512451349,10.800518736473599,7.575775832000908,10.485899675782585,11.728297894298025,12.579010213758826,7.940349160990548,10.682619857054565,8.67204130028092,12.019160296158697,10.82980098709218,18.94899450082684,17.12028999494415,11.071387257683947,9.676079797320114,12.483382873653527,13.939923301466727,7.617188604089111,8.34011614845529,3.16748835016405,100.68065232340024,6.831411664705421,34.47035771833624,32.695850691080295,32.900253067382764,10.145137163998971,9.852548965132213,10.673343575190826,8.659407243063688,9.938357368924082,8.819502365961812,9.35816166825426,9.265335654809759,9.596089147972425,9.645718280233575,9.818592434560477,9.992342424829406,9.939045431360588,9.953961517863634,1
9.683115320571297,9.011879391988034,11.847297298183776,9.650921282505099,11.202455744715826,7.35069321726751,9.415444065798797,10.304034870870149,12.17434416821028,10.495408386705936,7.843277369963018,11.94339118892004,10.743184087557374,9.742532551263663,14.109599676004251,12.079569329685157,10.78833439805265,11.748242037641589,11.622964514491645,12.444115332062808,11.614813995459086,5.9897950560676705,7.08382027733583,4.961969971634537,5.570230110352692,7.231527671666518,13.642705007752998,9.916431935841592,7.773376791182285,5.498158289089046,9.511448669475474,5.537010865540293,11.898567240223601,3.5302069233401703,19.751279298950635,20.562407992081425,4.977268826141242,13.902994889796375,3.2506619405835067,16.666646965270736,6.333936381301086,13.352305376826987,15.683547161814513,1.4682193578871394,10.732794947490827,7.077797036786131,9.376710418782782,3.7784035870967836,10.389431005475958,9.341984440647341,1
10.065970641479637,9.482487518695546,11.63502918010279,9.72844744348867,10.339794953114103,11.11199003389412,10.789952479467873,9.461111359710713,7.480579126212155,8.633447814014758,10.64066352572805,9.495772038147905,13.535096324080573,10.92271616606673,9.123611793360473,8.586768045423101,11.013978704445183,10.106984775673068,9.264522829627793,4.775709952550092,6.878843295925684,7.181127652589706,21.02942757750896,10.749747708008062,16.768299238216745,15.5352041786266,5.774493598011908,7.310522089317465,14.112871125907294,26.27490038678144,11.288423387017737,15.05659868458764,10.49550741439699,14.769139831041006,30.2549784090376,17.762164539510273,15.432436955878938,10.915848709194858,17.248424536736636,15.66609818797334,7.25848277839565,19.871726063668575,7.187810048265505,10.201723842706413,10.42338651676349,9.898014823191927,9.97005032000595,9.947361530858483,9.98467484248192,10.050338580512728,1
9.69298057683776,11.986735096728562,9.223941152133616,10.30276519967096,10.584792016831672,9.36810531212788,6.006213444366836,9.549248587433208,7.627290033054694,7.585190605678369,9.596135940478888,8.948379606558566,11.15726256894024,8.152680939631294,7.220413969258667,11.621047613563201,8.316922864318316,5.690188523936612,8.752588590797064,9.411629362948554,12.157664628156349,10.562480578203099,11.921788227698919,13.939832908987885,16.801982050703838,8.329310135885306,10.035817807540743,10.328008246634095,15.830495432711512,8.474934847384533,8.641554201111152,16.66700062041038,15.216630179807016,4.3431221140868335,86.58154455198685,12.512409855646908,29.117855533607138,9.993439099701062,31.117609334101235,3.3394348020637854,12.301420316636582,42.27679726265531,9.617865512890797,8.911808747286333,29.804684226317786,9.72843252231491,10.545949629063891,10.017752554945343,10.303341780807855,9.934355772542311,1
9.598227696688564,9.18404064068998,10.605915697263235,9.833757302826832,8.854394875375476,9.578544604781568,7.240932121838534,11.614834159273903,10.408247890057945,12.52821774629519,12.57097496862089,9.290455276394473,11.291324387951397,13.063189766256844,13.423754363472474,13.071270027733917,10.376636781022372,13.218760645449793,14.283572608149273,10.04368201362097,6.828414651165042,10.765619886931086,11.10747990633465,10.281333155286353,11.775881123927462,9.644401701596502,8.051540609294765,22.048729941423804,9.51438235084372,12.388512487071115,6.325085344149616,8.454772748297897,47.2703340463454,13.949507524384321,2.420606650553917,53.12083177040453,43.93072335528005,15.766421754116145,9.708910214511125,10.06893614334639,11.081536880614973,10.245310098319868,9.633979622264622,9.998251421432462,10.119842246303374,9.828050158054937,10.229793829480146,10.0325896013642,10.146459320418655,10.058540615059256,1
8.745191762235937,9.412700589080467,9.881942420560602,7.755079304686873,7.4114901536364535,11.144107656545927,10.52825462871857,13.431143123265828,10.895573960288324,8.986868687517132,8.30284236518511,11.719741873573568,6.996108489170788,12.437517802448939,10.993328872648075,8.713983850953591,16.49860838880191,11.668900782077161,10.775294091795981,9.5650697129832,9.034548836999909,7.33662531182367,9.36224751340277,16.544521682664065,11.374860895296578,8.085453883472177,12.837563325230608,8.51722803313779,12.517461284329512,8.22853623219991,9.170575642529387,5.273315826179332,13.799258425771495,6.201868707110755,9.8357286083712,81.18294443385001,29.57401208769256,11.148059260172966,15.390611962731125,16.733323774234055,44.54812928234658,17.746566083999998,17.265540333036956,10.393086541775343,9.779620879151214,10.117594231398442,9.443838396823653,10.276416834521179,10.04429231821881,10.586087485120128,1
9.611262759526445,10.485717027810404,10.02082063316765,10.500694065777605,10.471659472958695,11.018538261369486,10.516986901148952,10.739703762190677,8.313649811408458,9.908947297910998,10.06906025310987,9.058759406383931,8.110081469983923,6.591089757338069,8.37559811533691,10.515223089693436,10.612820448847334,9.767725173314492,12.155813538532296,9.77046518406505,9.854696903378944,9.383567862294315,13.30275207959332,11.067881826937894,11.917477280867477,8.798196877888264,9.183950946464051,6.112315684621783,13.396873931674953,11.42058337283011,10.298694436396648,10.82523974984392,12.566099462372565,12.448340769054958,6.1646940333814175,10.233176066021207,11.702745233477577,9.408492617480432,19.348397200072228,6.136734285549229,16.933192052994183,20.12536290110106,3.1030767681270053,28.2278290285762,60.086703877952054,10.676002799255443,8.891151312262922,7.971332889779522,22.818357849351365,8.709678225590418,1
10.222292495839579,10.074476476254231,9.94127063688675,9.682959261951076,10.009073995282103,9.357779637968752,11.096841852032076,10.628421037172709,11.075032290897866,9.164255643299466,9.276838846999356,10.794731664475986,11.062898756410188,9.741061724511374,9.508567202777835,10.291185972963323,7.8318668590646086,8.391657688497455,8.981290075441494,11.069677547832915,11.228042043848065,8.99577832311105,11.33487573023142,11.54526103640024,11.741641604787752,10.650582501849602,13.782116751515979,24.262084385588718,1.4521108897244241,6.7936628045351135,5.208860601562632,11.250098957011236,10.716437315535341,10.075783680636153,14.587484813573342,6.021110355577297,7.540771266209104,89.67441002593637,17.390512013751465,9.727228383416861,4.395206259196245,48.08028758856835,4.477859293131633,9.542769886528772,9.092723163841185,9.536786724240475,9.774088359708816,9.907274982557274,10.088075953588167,10.087103374780478,1
10.011508569436351,11.2679703511663,9.651012761692261,13.181204753787508,9.688587706360327,8.946136857594773,10.171085694319464,7.3794855532848205,11.157909689210966,10.078375920861745,12.97614589274538,7.122932914833629,12.551460797402687,13.01946345530364,7.876460037713929,11.018799884544686,16.000249296068002,10.327272828683853,5.147490161307643,15.750008429862762,8.654203299372877,13.372072668727704,13.354851959113322,14.910254988190045,12.005481578933543,3.64962012841825,7.6154233793495765,7.75541109047408,13.764129616562085,14.740936177603139,13.135910525212017,21.47967792668161,8.994417820295194,83.0569075040632,18.011476063672777,12.715823475371854,12.800541764592682,9.907238308708965,14.427874604568927,12.552837349620383,7.341500663565488,9.500498522436667,8.498330735069048,8.137053030098997,9.37537109458889,14.850675985032844,8.385445569951532,8.670083180681813,9.235903414592135,9.409639483956884,1
9.919102991598601,10.110912905887162,9.503829553990801,10.2931481355947,9.44308369201801,9.321314748222445,9.620399500900948,11.447197742798753,9.882623505595202,9.142209049754923,8.698962502020127,12.138642880859345,8.76039306317249,8.38587508010793,9.836532376342122,11.50467810269111,9.925634666596698,10.854957594681213,10.943610157869408,10.007717359023225,11.70832378000959,10.84974404980948,9.088041766567565,10.95548567705552,10.759716750864825,9.043375106215043,12.749937552581034,9.38678714047533,11.839686081024078,16.08738913682005,11.368806051756062,8.027652149102963,8.97811724707998,10.218699241259978,30.14211537306242,17.84752683456915,19.125801039515427,6.785155355920649,6.222937707463485,6.645763327282163,6.470891524404504,8.278563178411872,8.82286576429846,16.21251254090864,5.826863774556668,14.43623039365511,5.725947616484704,7.151215180062218,27.30460892847217,15.674918241068584,1
10.371681700669425,10.412665364833348,10.393810658271585,7.9301702377691745,8.784765220562244,9.813122860537366,10.239028273307971,9.937353769812162,9.257137541270525,11.117850511677156,11.261944767507964,12.092679603793362,9.153217782943882,9.37913077337128,11.251177716132654,8.540362974487678,10.98854403458438,9.969463375728907,9.013511858693041,11.159798385275606,8.844455890556523,9.803494275002153,10.731546836127588,9.973976042481757,11.423571638502569,10.144781556544238,10.292254369184624,10.563602605172157,11.62687312846412,12.115282679987336,12.636775681003442,11.604141502067268,10.353095929237789,10.484679089414234,9.578256206951252,8.678449992942298,12.551038985717517,12.028674074892875,10.17850185439881,9.600010416661016,11.453911849058386,11.136570321243433,10.811017352497409,9.62179718088056,8.992407908897372,9.027851350127559,8.279649751046236,9.969216776658085,10.31127538183323,9.040934437656325,0
8.05489267675244,9.225215441213283,8.933403428705104,10.685901770931647,13.132669151090347,11.174148737152196,9.511387910373545,9.642380175350901,10.761719159688196,11.54350884835283,10.078204205115115,9.450232801365265,10.559114542725634,8.676715968613932,10.566602919481744,10.564790580035176,8.829903659270583,9.249118711855745,8.77145913084021,11.615911486491278,9.405732052636843,9.239816012324054,9.947431661388787,12.990769799422972,11.354444063889698,9.132666639968855,9.877747549821269,9.567747906377967,12.294603557658986,11.159322517913038,9.770756367344397,9.074767047037632,9.823196887775387,10.293085057454835,12.436852495708067,10.670984008328379,8.949815286585537,10.014234868426046,11.650004291844702,10.847119433287345,10.170673527353044,10.368321914466197,10.71558209375487,10.134539919108317,9.205003732318643,9.562395097463815,10.892685619258456,9.769575208677193,9.452761501275699,10.185366950385243,0
10.811799085906102,10.128099042367243,10.85112436570515,9.999209125725944,8.565716549127691,9.205221089577377,9.980525611409464,9.855810468956877,8.981347130692594,9.431638245819228,9.71440145392397,10.692731175897016,10.113243792176673,9.376762965970771,9.812246576600131,9.955179380402951,10.516434570803932,9.755111479978074,11.539587370872542,9.551920779194113,9.883577057219723,9.621169365352634,10.558891987325186,11.295152785155281,11.666408200470315,10.837923179188948,9.657545871804087,12.410354504525648,9.498994683649425,10.781771654046473,10.630940692149496,7.385160797166166,11.90577585124128,11.940464815073156,7.466551984416906,9.0269040648497,9.815849353570991,10.032457326099125,10.639069508185385,10.432280633955411,9.87157960409584,10.724349940206213,10.706941657448219,10.190431709598963,10.772473168590446,9.361164429385909,10.024230643795063,9.436190968817874,10.162799811075686,10.857393794092577,0
10.969402900796378,9.020476568895909,10.103860644327987,10.32301310945598,9.424107239309201,9.99132595464687,9.481545045655803,10.967611408141702,10.10266217989105,11.294413635952997,11.332444572994833,11.174139787921035,11.077336370265236,10.257328857748501,10.59545657345638,10.951392594551617,10.480510483750303,9.7232959072529,10.89533386302595,9.522693746204384,9.706482206237238,10.195896233289156,9.577024590132366,10.227066595559075,10.506302750254251,10.22227958921101,11.433065193551597,10.791283519581903,10.753985307782411,11.222281195193787,13.006286941321877,9.288142915782467,12.20147932408198,13.299732937469086,11.198620196077735,12.888184511404233,11.372607440688347,10.344297062633158,9.956033346669747,11.450056768418225,8.598238191629724,10.270369967630183,10.270209345480744,10.669981235691093,10.45387009676321,9.367336868075153,9.122094023304081,10.449458449125533,11.395564926759885,10.035143073419537,0
10.424164124571334,9.330771173059611,9.291173230545215,10.937911135129962,10.237669616040609,9.561092788379375,11.38294338033885,10.457815259412454,10.168997000687925,9.79102139717813,9.992847003231875,9.79179758777723,9.677442844057515,9.32949087571235,10.12814889306037,9.122811833245278,13.565946207618548,10.371210135948457,10.114845306973315,9.037698325126826,7.486187228489547,8.763617793582744,9.411089203700069,9.487143788200962,9.597963325622786,10.666010491275593,10.533285337443393,10.156446086500932,10.161540237582097,10.11633331726471,10.61239369793639,9.538762177557473,10.382817475425446,9.717885108396798,11.699264934174284,12.77802315970671,12.234038563450747,11.706428926876077,12.16509742385979,10.403042315111492,14.179837272973211,11.625979497401499,11.516409067066045,11.688288123245467,12.152999629721052,10.615507459749631,11.933151302149822,11.03323162088062,11.021764674134541,10.74776255785361,0
11.377560371362616,10.975408876210489,9.597864345780264,9.104471362182434,9.95406936560119,10.624259974228794,10.868394545653924,9.170430742337025,8.28131622230428,10.678281693531034,10.706493356837242,10.365958711088908,9.933151397315964,9.842479215522891,10.418430783952063,10.30597399505743,9.956409995575715,9.751538340179973,11.517316357815353,10.244163164202389,9.763590528079309,9.957178139814518,9.64044581935919,10.97527206933842,10.17340130261262,10.385475434470969,10.402124779909151,9.754383305980966,10.533228253104557,10.274069300914805,11.042902698113389,9.007247082211078,11.159053669554647,9.962288862103929,12.839458711332032,6.30760651775299,6.862135124973862,9.509206065702857,13.279766516170383,11.364703176942239,11.91190160812286,8.174992354736487,11.088088203112383,9.003843291395077,10.67037487626372,10.863631082653765,9.325073726250103,11.083036587506152,10.862679227520252,9.915592954533835,0
11.811227709260372,8.467809398114726,9.326328323622326,9.507565408662725,9.365863377607004,10.56086170319449,9.994483478399472,10.015432271569761,10.88343146163015,10.38399714320069,9.96615271753348,9.451021089490807,10.053312886805026,11.277960808585922,10.448990381850296,9.838973520728675,10.287011226804411,11.001949619135697,11.205877921876535,11.106817726063573,11.035565231813004,8.930806232384622,9.3913311090601,11.258032671475066,9.693616451768658,9.241222862803385,10.873550478109715,9.702463592304793,11.658833560867057,13.15863209547254,11.650703074922175,9.612143361394482,7.2264304765215925,8.35724234481686,10.617805799693267,11.322340730078743,8.845450808183832,9.725271159818632,10.987424630003156,8.810272335858865,8.591001069374862,9.565531683184165,11.153035310891834,9.506934298605414,8.922970357453845,9.409718380483021,8.969397946350693,10.726201409725629,10.33164556109045,10.262217109377486,0
8.815378607864782,10.785730463904658,10.49431255652318,10.314703098005294,9.013439964852488,10.653168525654705,10.384315093062229,9.513547814459136,10.485059984568567,11.209473671854536,9.470564925071788,10.557741235699993,11.129982030353867,10.434835715908521,11.195502715823038,8.654616841894285,9.466963449702344,10.107037016158598,9.443606158772193,10.560975333746406,8.893030571857953,10.181551755994766,10.82357611613648,9.784916817837548,10.431979677894317,11.255851655192515,9.212833299045416,10.565292169930752,9.793497842956826,12.624190118815584,10.749441843965668,10.556031451260461,11.124000804386888,8.84442197093739,9.301166579091035,9.507076311884742,11.572039500278247,11.056789769187077,9.437658142399536,10.63019181717814,11.42305125612242,13.902956520107512,21.187856528681728,21.282708944117054,7.048411140533731,10.13819017166279,10.80034251845746,10.625497498752708,10.242601958486924,11.693763227293429,0
10.182465320343594,9.229463689727588,11.048891233784504,10.710653439263176,9.305702055299227,10.376015416912221,9.90188346649263,9.557080820836463,10.239794035038058,10.013101236979486,9.481929856806586,10.44071357714596,10.557333820998561,10.553113284088255,10.708361083564565,11.083686209921318,8.274509048880182,9.754019452615424,10.19211445716737,10.159753933496617,10.830281056371543,9.560805405403878,9.111322626106487,10.40523906500951,11.218146014382233,11.613522290846994,8.853846621666767,11.0870464957986,8.84233566429142,12.483493100891273,11.989220147032082,8.526060023480952,10.103731804734332,7.153984903534533,9.432852166762713,12.037894331717652,6.292264741569615,8.856398816674869,9.72514780155037,9.704478292417374,8.81989205829641,10.18705941977375,9.892815495095421,9.045064602533259,10.244417990320386,9.249999669189192,9.809306805274264,9.596228408077833,10.561789621082216,10.322058902970861,0
9.509598352049293,9.206501070718657,10.519254969171167,10.157487615879763,9.39447030380475,11.84039233096823,9.180966312434405,10.178161274235283,9.530841005069044,9.817724558694682,10.014946037845611,10.580397533110892,9.827980774997775,11.145149004141835,10.88038950555362,10.077880164688944,9.437326024555297,10.464683225257161,12.174979117626485,10.947217919677687,13.065247963553125,9.67420371543586,10.415264538315007,10.176643664007809,11.473341699024624,10.693617085849043,9.28670693336643,11.470721471602014,10.140278206765739,10.481663619603294,10.988529154265686,10.137017737146037,10.6252209764681,10.582399844898623,12.289116605007946,9.074904752505052,9.062226023106147,11.136134230231374,10.323444272429828,11.832793459327455,11.710933636550772,10.55094496214457,9.976660888128173,9.208975560467588,9.72116346059246,9.910704240791697,10.06843033143056,9.337832817841171,9.556618985183562,9.631218519931746,0
8.98005845678169,12.47441113001339,10.16633331896871,9.669702223098357,9.559209601996614,8.591905232654566,9.902883144770616,11.000564971601172,9.721630738628747,10.589177415928049,8.755564253829016,9.631959703968095,10.656677342917137,9.44785660117388,9.876498983744256,10.08333716466233,10.026478660486834,10.066771518916077,10.399632445254595,9.30359664061041,10.175365851467587,9.33155433300234,10.14174737733137,9.463045651165297,9.023589833598807,10.659481893053847,10.559971462177868,9.105729017485771,10.661979906884106,12.600252969026704,9.326949230996966,11.064248831537807,9.151397685678186,9.658392727119452,10.598221850509903,9.255280027881247,9.813940323544454,9.183887631853619,9.250916623770266,12.351439014585198,11.011911163129007,9.741350417766066,10.150862405983586,9.396650859416832,11.549425737527502,11.121079763088272,9.878233323435394,9.712971174754804,9.343733433741422,9.569048155352819,0
9.613955025308572,10.776358573629942,10.765785737022915,11.3904332377528,6.730745765456907,12.076739297037198,10.039090727507288,10.121680512743644,11.905234329304392,9.707584823653127,11.542391721418735,10.006049493474475,10.279004200155148,10.583570463426307,9.735540583556174,9.819485012821147,9.251046253463938,9.351119909340973,8.438816665557727,9.343826805196127,9.93010622760517,8.896327125242664,9.11248849756934,10.197837555675177,9.763209587559935,8.954751286036595,11.389947156519522,12.213381683866922,9.018069546795092,9.338741671416493,11.585391506308289,10.767713220194135,11.353892212292202,9.319893556046663,9.29573307835232,12.070098393310495,9.260412849262114,8.699065565833484,10.735440693206003,8.264838291716098,9.911868186021707,8.865955471161879,9.425432755340799,10.34322896903681,10.345121676745267,10.371731953351645,10.417304705076301,10.539357070246327,10.189689489823357,8.89733034878634,0
10.753929989505638,10.367035446818063,9.158614525636256,10.188681888742128,8.377184177992364,9.59376502330866,10.544176663210301,9.83959115526852,11.178757451984518,9.86723054237088,10.35126761169465,9.286864512166021,7.594720190508429,11.138635704683645,8.057180045422998,8.47778935308205,10.698853704779792,8.428292365888305,8.924382223808593,9.379218894156272,10.678030714329589,8.91370498049636,10.214829406021941,10.965552472675487,10.286611957159579,10.116743024454397,9.499586619919949,6.599977734756008,9.764404187618297,10.64307756246451,11.778608703525316,10.872543650292226,12.559581941024826,13.433631536196359,9.3455107503969,11.275061913155922,8.536487695568107,10.401596109628898,11.19601845956009,10.160902370639915,10.450193535563152,10.752767054442378,9.30728786230351,8.977281219086924,9.686293636694955,8.824439117866039,10.370742446850327,8.239760525085705,12.459460880932781,10.140868191795173,0
10.233452716980086,10.430238186679679,9.830739525879437,10.520488352896649,10.119951618071473,9.588788238942415,10.53995036089031,10.012899678887132,8.234743127121638,10.81153198609314,8.705997810901817,9.536554025291075,9.934565143461363,10.031191576704979,13.062765556274043,11.225845166871467,11.098727956150926,9.506441955030162,10.538887934968557,10.415277257032816,9.512678625005368,9.428440923661595,12.712957211496027,12.25227721728316,10.446185068337526,11.788748511952829,11.77047905629767,13.440623278705727,9.850667147348943,9.696498837217577,9.666941401057368,9.181671555946734,11.706649962214803,10.178941206874294,8.842546456933574,10.045244999632775,8.936883729961904,11.228789769495991,10.908536033821267,9.718517379778019,9.453504326771224,9.781166556366676,8.427771011750538,10.41976622496012,10.973990631661664,9.49046001651483,10.509823213338112,8.135740630018372,10.977941935922765,10.071738910915679,0
12.120818072902189,9.421393684898598,9.872099833037478,11.139363151580705,9.281384702585905,9.524681336331641,12.69129733053867,6.880173863733843,9.83516836478394,9.144185379882178,7.980229616962796,9.794449119861122,7.857485514895369,9.600656294456687,9.342857282984891,9.019472493694847,9.594835343182737,10.421710551023116,9.877479008559666,9.931510079913316,8.385890179069728,10.163125105371185,11.87190502521306,9.667864426030564,7.507316854611065,12.02660531465232,11.046280683039349,9.800841831394356,11.884936390531335,14.521119773453904,14.003402862553717,9.891420909862422,9.538522817197531,10.505522647478532,9.096088200385928,12.856428364333707,7.95616637003816,10.271774792468664,8.771629580465781,9.008065039355843,9.08222359259448,10.725730147107623,12.8656828318182,11.001584191135477,9.086956370169025,11.90037432009044,10.294248813000825,11.253707526769134,11.216320305983555,9.604505579112853,0
9.209172131511535,12.156154653573568,9.508242024246108,9.822770159144577,10.747410048078303,11.398692449306608,9.46513261163008,9.418537033113067,10.774809702185317,10.77422024638819,10.421747023059668,8.748070658473248,9.140640264770822,9.082716743799487,11.955119135820311,10.205341155098141,10.542092076114853,9.845292163769317,8.804365063511115,11.420971898112652,10.529178983300199,9.469600090697691,10.705453475134927,10.695221618012821,8.652383103080219,10.11013801744651,13.316679196052062,8.544039588013915,10.895667905543249,12.658030068836206,10.01365300339757,8.965558387827414,10.349142772154675,10.60574072681886,10.74029802673074,10.62792887410448,12.538681892630725,6.9379025628925595,12.4871873512181,9.531792960950312,9.072330496231388,9.8966943041644,8.51154966061296,12.688179779091607,9.781005567011984,10.33382731599592,9.635148002532096,10.77357475288962,9.740268147097057,9.543600702639202,0
8.810484369031434,9.791977676122384,10.135010876865117,9.252706332023811,8.942315112510762,10.962535895278767,10.593399763314263,10.601016060295649,9.426911818959889,11.57954103555306,10.842604039097813,10.660385766412741,9.485951926522484,8.50151062558081,10.770493000380627,8.54123222365571,10.517641747223003,8.735412852305474,10.290772470659421,10.419499689880475,10.431961473392693,9.076734858056271,11.167545403968658,11.300330205106004,10.480290379870588,10.596978025992078,11.849188702057178,12.376363761313318,9.957945384278093,9.183395720238066,11.070905337850979,9.86493820882131,10.370684599203326,10.407330224902202,9.541963311853337,10.214027248758994,9.147001585673737,9.6849518873033,11.098468816986388,9.300569262710777,9.599776297852276,10.637369305434737,9.897743790916314,9.484176242433737,9.764929839147628,9.609304230864307,9.592223469860787,9.306957437153587,10.592253919153725,8.992797925748002,0
9.760766625328783,10.964339541286053,10.221211154187657,10.633365837557376,9.271752265708251,9.46399975419213,9.75361104082917,9.733681163707883,10.140451372502053,10.391641776565155,10.403772298983995,9.112373767540811,10.389096184520287,8.849404593864277,10.206949799323455,9.871059414367961,11.60676439558911,11.043700106348547,10.32363252683237,10.299085223835057,10.618977968273267,11.966735383000378,9.826549729473554,10.887734047580286,9.105843435177352,11.498780674068982,10.323282170681553,10.864776125747044,9.864752951838136,9.524805486617732,10.82970652902223,9.854416417833187,8.717155985514141,10.601725509086494,9.47405887594396,9.873391791910848,9.900525438366731,10.08840799551256,9.068090160974364,10.335692078799596,9.92467106394363,9.761841683806596,9.357082693545882,10.404007098251178,10.307763188462616,9.410188109488487,9.787164773532012,9.073024508644844,9.111891481413588,9.805384615486483,0
9.43578189449435,12.948480180529618,7.733297468414693,10.19316818822037,15.475717896148986,9.781992452642818,9.275455655062512,9.197775371061477,10.926281185112751,10.06021142467392,8.602965059097713,10.195338714175085,9.455964261977735,10.804496087390563,9.352440517788548,10.251135869589804,13.31358133591363,9.592886045069596,10.348661244128643,10.771507173630432,9.901854457929437,10.146373940337966,9.065973468437562,11.070626044767995,8.990450884819815,8.988097821554124,9.078507791107452,9.731488675369171,11.431821279690695,10.33768963938921,10.36517162542291,11.172313043794642,9.75788077499262,9.872283682781253,11.157115680068753,11.281999179098959,12.179078500780035,10.42302692734096,10.284347485024405,11.220612133381517,10.314910102552268,8.377835755454681,10.128808344071965,9.335183753955087,9.565660302024886,8.173504493039783,10.528369448072668,10.623883815256805,9.036757932572142,9.3574886416102,0
9.005276823271267,9.85894474913083,9.730448703398713,9.675766207321528,10.221274939158183,11.184591519153056,10.568302016655888,10.29431200600868,8.458989983509529,10.467945090001077,9.632988599777287,9.920932758815201,9.636337293732021,10.150487281428761,8.737886302115855,8.862790864253341,9.918550512239962,10.292656585005881,9.786182586783015,9.366136582852569,9.39884603291419,10.133114745892742,9.809560007226805,9.794377665193375,9.40605761639845,9.795049190803928,10.458094879724822,9.719029229408164,10.113187383625451,10.496234354755575,9.490161733003207,10.569539093132944,11.595520116796479,10.994641492119507,9.984970413962838,10.838000251089985,9.637057754196844,10.495471767363695,9.587508387726592,11.399872932347858,11.83249146505693,9.48758076960098,10.193139689115776,11.026390531564214,8.646676751049032,8.926778037795078,10.129767719267566,10.298104185789809,9.616078461183982,9.786734163443926,0
10.252100377155227,9.888915180051574,10.818527736735607,9.421514726749802,9.656770213801554,8.833930166301773,10.966645557169397,10.247709668090748,8.894759139149576,9.867053234116316,9.010516480836406,9.644305275412153,10.4637257832805,9.015307470125592,8.963064298808927,9.511620247467292,9.725215056307409,9.757924952626809,9.313518295414568,10.710745339118866,10.333018349177445,9.447984104578572,9.505964623028724,8.94590639303936,11.350428301146826,10.099630018144499,11.484374756456136,11.241890888449506,8.91793256508521,9.318305920497526,11.34228640972372,9.874252754059308,11.426927590520709,10.321873963532349,9.423285819973119,10.04460899411398,9.598319937341545,10.041802990687644,9.399293139589725,9.97571640843882,8.969894697689648,9.159519630718187,9.703321047884803,10.2169530641609,9.0466707013003,9.315275550494741,10.089866281905836,9.85046797037356,9.66421529878081,9.140878837516087,0
10.506366252915809,8.517229685972133,9.290337125591453,8.87554788772366,9.802859173748645,9.957001512015847,8.991363140033926,11.137583133748125,10.01488441843596,10.339468166073688,10.387193761638711,9.086747430911958,10.501276320405735,9.785353590240025,9.588263042614313,9.071656460006723,9.813700096841366,9.76770700132474,9.050254530531616,10.76532897480152,10.603451478567136,9.180688543656073,9.558861890877283,10.872835814532728,10.109770355805413,9.720725372061786,10.50404550507012,10.503705977584959,11.139954449958413,8.668574946658923,11.591747285492609,10.548797191795042,9.802047418987737,10.721899483228244,8.985100628470958,11.78693502538333,9.499370722925754,10.567671801435436,9.255816720821606,9.380896542348985,9.608724960629432,9.444537705957744,9.227106683893936,10.174200096025498,10.035003665991708,9.736256847838758,10.745788005178554,9.846859160346424,9.710347050215251,10.445509023665915,0
